Status;Tese;Área responsável;Objeto da tese;Estado;Ramo de atividade;Regime tributário;Tipo de produto que industrializa;Observações;Clientes possíveis;Data de criação;Inicial
Ativo;360 Dias;Contencioso;;"SP
AM
OUTROS";"Indústria
Comércio
Serviço
Transporte";"Lucro Real
Lucro Presumido
Simples Nacional";Não aplicável;;Clique aqui;2026-01-05;
Ativo;8 Dias;Contencioso;;"SP
AM
OUTROS";"Indústria
Comércio
Serviço
Transporte";"Lucro Real
Lucro Presumido
Simples Nacional";Não aplicável;;Clique aqui;2026-01-05;
Ativo;CPRB Transporte ZFM;Contencioso;Ação judicial para afastar a exigência da CPRB sobre a receita proveniente do transporte de cargas destinadas à Zona Franca de Manaus, bem como garantir a restituição do montante indevidamente pago nos últimos cinco anos.;"SP
AM
OUTROS";Transporte;Não aplicável;Não aplicável;;Clique aqui;2026-01-05;"a inexistência de relação jurídico-
tributária que obrigue a IMPETRANTE ao
recolhimento da CPRB –
INSS sobre a receita bruta - sobre as suas
receitas provenientes do transporte
internacional (prestação de serviços) de
mercadorias de origem nacional para
consumo ou industrialização na ZFM, por
serem consideradas receitas de exportação."
Ativo;ICMS Exclusão PIS COFINS;Contencioso;;"SP
AM
OUTROS";"Indústria
Comércio
Transporte";"Lucro Real
Lucro Presumido";Não aplicável;;Clique aqui;2026-01-05;
Ativo;ICMS Importação GATT;Contencioso;Ação judicial para garantir a não incidência do ICMS sobre todas as importações realizadas pela empresa, provenientes de países signatários do GATT, bem como garantir a restituição dos valores pagos a tais títulos nos últimos cinco anos.;AM;"Indústria
Comércio
Serviço
Transporte";"Lucro Real
Lucro Presumido
Simples Nacional";Não aplicável;"Empresas comerciais de Manaus realizando importação com incidência de ICMS.
Indústria de bem final não tem benefício de ICMS (paga ICMS).
Indústria de bem intermediário tem benefício de ICMS.
Essa tese só tem efeito de caixa, pois quando a empresa paga, ela também se credita, então não faz sentido para a empresa, economicamente falando OU empresas que tem saldo acumulado de ICMS importação e não tem como utilizar.";Clique aqui;2026-01-05;
Ativo;ICMS Transporte ZFM;Contencioso;Ação judicial para reconhecer a não incidência do ICMS sobre o transporte de cargas destinado à ZFM, bem como garantir a restituição do montante indevidamente pago nos últimos cinco anos.;"SP
AM
OUTROS";Transporte;"Lucro Real
Lucro Presumido";Não aplicável;;Clique aqui;2026-01-05;
Ativo;ICMS Vendas Internas ZFM;Contencioso;Ação judicial visando reconhecer a não incidência do ICMS sobre as vendas internas, seja por substituição, antecipação e diretamente, realizadas para outras pessoas físicas ou jurídicas sediadas na Zona Franca de Manaus, bem como garantir a restituição do montante indevidamente pago nos últimos cinco anos.;AM;"Indústria
Comércio";"Lucro Real
Lucro Presumido
Simples Nacional";Não aplicável;"Comércio que vende para consumidos final (PJ - PF).
Para comércio de bem intermediário (PJ – PJ) essa tese só tem efeito de caixa, pois quando a empresa paga ICMS, ela também se credita de ICMS, então não faz sentido para a empresa, economicamente falando.";Clique aqui;2026-01-05;
Ativo;INSS Verbas Indenizatórias;Contencioso;Ação judicial para afastar a exigência do INSS (20%) sobre os valores pagos pela empresa aos seus empregados a título de férias, 1/3 de férias, salário-maternidade e nos 15 primeiros dias de afastamento, antes da obtenção de auxílio-doença ou auxílio-acidente, e sobre os valores pagos a título de aviso prévio indenizado, hora-extra, adicional de insalubridade, periculosidade, etc, bem como garantir a restituição do montante indevidamente pago nos últimos cinco anos.;"SP
AM
OUTROS";"Indústria
Comércio
Serviço
Transporte";"Lucro Real
Lucro Presumido
Simples Nacional";Não aplicável;"Verbas pacificadas (admin) x Verbas não pacificadas (judicial)

Empresa com grande número de funcionários, folha de salários alta ($$).

Podemos oferecer a Revisão Fiscal de INSS – Faremos a revisão para entender se a empresa está pagando indevidamente os 20% sobre alguma verba já pacificada.
As que não estão pacificadas estão sendo desfavoráveis no judiciário.";Clique aqui;2026-01-05;"Conceder in limine litis e inaudita altera parte a medida
liminar (art. 7º, inc. III, LMS) para suspender a
exigibilidade dos créditos tributários referentes à
contribuição previdenciária patronal, à contribuição ao
SAT/RAT e às contribuições destinadas a terceiros sobre
as verbas acima discriminadas (1. Primeiros dias de
afastamento antes da obtenção do auxílio-doença ou do
auxílio-acidente; 2. Férias gozadas; 3. Salário-
maternidade; 4. Licença-paternidade; 5. Adicional de
horas-extras; 6. Adicional noturno; 7. Adicional de insalubridade; 8. Adicional de periculosidade; 9.
Adicional sobre intervalo intrajornada não fruído; 10.
Aviso prévio indenizado; 11. 13º salário proporcional ao
aviso prévio indenizado; 12. Descanso semanal remunerado;
13. Vale-transporte; e 14. Auxílio-alimentação), até
final resolução deste mandamus, na dicção do artigo 151,
inciso IV, do Código Tributário Nacional;"
Ativo;INSS Vlr. Liq. FoPag;Contencioso;;"SP
AM
OUTROS";"Indústria
Comércio
Serviço
Transporte";"Lucro Real
Lucro Presumido
Simples Nacional";Não aplicável;;Clique aqui;2026-01-05;"Conceder in limine litis e inaudita altera parte a
medida liminar (art. 7º, inc. III, LMS) para suspender
a exigibilidade dos créditos tributários referentes à
contribuição previdenciária patronal, à contribuição
ao SAT/RAT e às contribuições destinadas a terceiros
sobre os valores relativos ao IRRF, à contribuição
previdenciária dos empregados/autônomos, bem como às
parcelas retidas/descontadas a título de coparticipação
do empregado em benefícios, tais como vale-transporte,
vale-refeição e plano de assistência à saúde ou
odontológico, dentre outros, até final resolução deste
mandamus, na dicção do artigo 151, inciso IV, do Código
Tributário Nacional"
Ativo;IPI Créditos Insumos ZFM;Contencioso;Ação judicial visando reconhecer o direito ao crédito de IPI sobre as aquisições de insumos realizadas por empresas sediadas na Zona Franca de Manaus, não sujeitas ao pagamento do imposto na etapa anterior, bem como assegurar o crédito relativo às aquisições realizadas nos cinco anos que antecedem a propositura da ação.;AM;Indústria;"Lucro Real
Lucro Presumido";Não aplicável;;Clique aqui;2026-01-05;"Conceder in limine litis e inaudita altera parte a
medida liminar (art. 7º, inc. III, LMS) para autorizar
a imediata tomada e utilização, nos termos da
legislação de regência, dos créditos de IPI sobre as
aquisições matérias-primas, produtos intermediários e
materiais de embalagem adquiridos de dentro da ZFM, de
fora dessa região e importados com isenção, alíquota
zero ou não tributados, calculados como se o imposto
fosse cobrado, ainda que sejam empregados em produtos
igualmente sujeitos à isenção, alíquota zero ou não
alcançados pela tributação;"
Ativo;IPI Manutenção Crédito ZFM;Contencioso;;"SP
OUTROS";"Indústria
Comércio";"Lucro Real
Lucro Presumido";Não aplicável;;Clique aqui;2026-01-05;
Ativo;IPI Manutenção Crédito ALC;Contencioso;;"SP
OUTROS";"Indústria
Comércio";"Lucro Real
Lucro Presumido";Não aplicável;;Clique aqui;2026-01-05;
Ativo;IRPJ CSLL LP Exclusão ICMS;Contencioso;;"SP
AM
OUTROS";"Indústria
Comércio
Serviço
Transporte";Não aplicável;Não aplicável;;Clique aqui;2026-01-05;
Ativo;IRPJ CSLL Ressarcimento Créditos;Contencioso;;"SP
AM
OUTROS";"Indústria
Comércio
Serviço
Transporte";Não aplicável;Não aplicável;;Clique aqui;2026-01-05;
Ativo;IRPJ CSLL Subvenções ICMS;Contencioso;Ação judicial para assegurar a exclusão dos valores recebidos a título de subvenções estaduais (crédito presumido de ICMS) do lucro tributável para fins de apuração de IRPJ e CSLL, garantindo a restituição dos valores indevidamente pagos a tais títulos nos cinco anos que antecedem o ajuizamento da ação.;"SP
AM
OUTROS";"Indústria
Comércio
Serviço
Transporte";Lucro Real;Não aplicável;;Clique aqui;2026-01-05;"Conceder in limine litis e inaudita altera parte
a medida liminar (Art. 7º-III, LMS) para suspender
a exigibilidade dos créditos tributários de IRPJ,
CSLL sobre todo e qualquer valor relativo às
subvenções de ICMS (alíquota zero, crédito
presumido, isenção, redução de base, de cálculo
crédito estímulo/presumido, diferimento etc.),
independentemente de suas destinações e/ou
espécies, até final resolução deste mandamus, na
dicção do Art. 151-IV, do CTN;"
Ativo;PIS COFINS Crédito 9,25 Compras ZFM;Contencioso;Ação judicial visando garantir o direito ao creditamento integral de 9,25% de PIS e COFINS sobre mercadorias adquiridas na Zona Franca de Manaus (ZFM) por empresas optantes pelo lucro real, bem como utilizar a diferença dos créditos não escriturados nos últimos cinco anos.;"SP
OUTROS";"Indústria
Comércio
Serviço
Transporte";Lucro Real;Não aplicável;;Clique aqui;2026-01-05;"Conceder in limine litis e inaudita altera parte a
medida liminar (art. 7º, inc. III, LMS) para autorizar
a imediata tomada e utilização de créditos de PIS de
e COFINS nas aquisições de bens de fornecedores
situados na ZFM às alíquotas de 1,65% e 7,6%,
respectivamente, afastando a limitação imposta pelo
artigo 3º, § 12, da Lei nº 10.637/2002 e pelo artigo
3º, § 17, III, da Lei nº 10.833/2003;"
Ativo;PIS COFINS Crédito Nacionais ZFM Tributadas;Contencioso;Ação judicial para garantir (à empresa sediada na ZFM) a tomada de créditos de PIS/COFINS (9,25%) sobre a aquisição de produtos oriundos de outros estados, quando sujeitos à alíquota 0 (zero), bem como a recuperação dos créditos perdidos (não escriturados) nos últimos cinco anos.;AM;"Indústria
Comércio
Serviço
Transporte";Lucro Real;Não aplicável;;Clique aqui;2026-01-05;"Conceder in limine litis e inaudita altera parte a
medida liminar (art. 7º, inc. III, LMS) para autorizar
a escrituração e o aproveitamento de créditos de PIS
e COFINS calculados sobre as aquisições de mercadorias
destinadas à comercialização (Leis nº 10.637/02 e
10.833/03, art.3º-I) e/ou utilizadas como matérias-
primas, produtos intermediários, materiais de
embalagem (Leis nº 10.637/02 e 10.833/03, art.3º-II),
ativo imobilizado (Leis nº 10.637/02 e 10.833/03,art.3º-VI) e serviços (Leis nº 10.637/02 e 10.833/03,
art.3º-II) provenientes de fora e de dentro da Zona
Franca de Manaus, cujas receitas (na etapa anterior)
não tenham sido objeto de pagamento dessas contribuições
pelos fornecedores e prestadores, e desde que haja
tributação na etapa posterior (saída tributada pela
IMPETRANTE), suspendendo-se a exigibilidade daquelas
contribuições, até final resolução deste mandamus, na
dicção do artigo 151, inciso IV, do Código Tributário
Nacional;"
Ativo;PIS COFINS Crédito Importadas ZFM;Contencioso;Ação judicial para garantir (à empresa sediada na ZFM) a tomada de créditos de PIS/COFINS (9,25%) sobre a aquisição de produtos importados, quando sujeitos à alíquota 0 (zero), bem como a recuperação dos créditos perdidos (não escriturados) nos últimos cinco anos.;AM;"Indústria
Comércio
Serviço
Transporte";Lucro Real;Não aplicável;;Clique aqui;2026-01-05;"Conceder in limine litis e inaudita altera parte a
medida liminar (art. 7º, inc. III, LMS) para autorizar
a imediata apropriação e a utilização, nos termos da
legislação de regência, dos créditos de PIS-Importação
e COFINS-Importação quando da importação de mercadorias,
pela Zona Franca de Manaus, destinadas à utilização
como matéria-prima, produto intermediário ou material
de embalagem, bem como, as destinadas ao ativo
imobilizado e comercialização, com fundamento nas razões
suso expostas"
Ativo;PIS COFINS Crédito Nacionais ZFM Não Tributadas;Contencioso;Ação judicial para garantir (à empresa sediada na ZFM) a tomada de créditos de PIS/COFINS (9,25%) sobre a aquisição de produtos oriundos de outros estados, quando sujeitos à alíquota 0 (zero), bem como a recuperação dos créditos perdidos (não escriturados) nos últimos cinco anos.;AM;"Indústria
Comércio
Serviço
Transporte";Lucro Real;Não aplicável;;Clique aqui;2026-01-05;"Conceder in limine litis e inaudita altera parte a
medida liminar (art. 7º, inc. III, LMS) para autorizar
a escrituração e o aproveitamento de créditos de PIS
e COFINS, nos termos da legislação de regência,
calculados sobre as aquisições de mercadorias
destinadas à comercialização (Leis nº 10.637/02 e
10.833/03, art.3º-I) e/ou utilizadas como matérias-
primas, produtos intermediários, materiais de
embalagem (Leis nº 10.637/02 e 10.833/03, art.3º-II),
ativo imobilizado (Leis nº 10.637/02 e 10.833/03,
art.3º-VI) e serviços (Leis nº 10.637/02 e 10.833/03,
art.3º-II) provenientes de fora e de dentro da Zona
Franca de Manaus, cujas receitas (na etapa anterior)
não tenham sido objeto de pagamento dessas
contribuições pelos fornecedores e prestadores, e
independentemente de haver ou não tributação na etapa posterior, suspendendo-se a exigibilidade daquelas
contribuições, até final resolução deste mandamus, na
dicção do artigo 151, inciso IV, do Código Tributário
Nacional;"
Ativo;PIS COFINS Exclusão ISS;Contencioso;Ação judicial visando à exclusão do ISS da base de cálculo do PIS e da COFINS, incidentes sobre a receita bruta, bem como garantir a restituição do montante indevidamente pago nos últimos cinco anos.;"SP
AM
OUTROS";"Serviço
Transporte";"Lucro Real
Lucro Presumido";Não aplicável;"A tese diz que o ISS não configura faturamento, portanto não deve ser incluído na base de cálculo do ISS.
Empresa de serviço de fora de Manaus prestando serviço para qualquer lugar.
Resumo: 
Quem exporta serviço não paga ISS
Quem importa serviço paga ISS";Clique aqui;2026-01-05;"Conceder in limine litis e inaudita altera parte a
medida liminar para imediatamente permitir a não
inclusão do ISS na base de cálculo do PIS e da COFINS,
suspendendo a exigibilidade dos créditos tributários
relativos ao questionado excesso dessas contribuições,
na dicção do artigo 151-IV do Código Tributário
Nacional, até final resolução deste mandamus;"
Ativo;PIS COFINS exclusão própria BC;Contencioso;Ação judicial visando assegurar a exclusão das contribuições sociais PIS e COFINS das próprias bases de cálculo, bem como garantir a restituição do montante indevidamente pago nos últimos cinco anos.;"SP
AM
OUTROS";"Indústria
Comércio
Serviço
Transporte";"Lucro Real
Lucro Presumido";Não aplicável;"Qualquer empresa (de qualquer localidade) que pague PIS e COFINS.
Não faz sentido para empresas de Manaus que só têm operação desonerada.
Operações desoneradas na ZFM:";Clique aqui;2026-01-05;"Conceder in limine litis e inaudita altera parte a
medida liminar (art. 7º, III, LMS) para
imediatamente permitir a não inclusão do PIS e da
COFINS nas próprias bases de cálculo do PIS e da
COFINS, suspendendo a exigibilidade dos créditos
tributários relativos ao questionado excesso dessas
contribuições, na dicção do Artigo 151, V do Código
Tributário Nacional, até final resolução deste
processo;"
Ativo;PIS COFINS Ind. Encomenda ZFM;Contencioso;Ação judicial para garantir a aplicação de alíquota 0 de PIS/COFINS sobre as receitas provenientes da atividade de industrialização por encomenda, realizada para outras empresas sediadas na Zona Franca de Manaus, bem como garantir a restituição do montante indevidamente pago nos últimos cinco anos.;AM;Indústria;"Lucro Real
Lucro Presumido";Não aplicável;;Clique aqui;2026-01-05;
Ativo;PIS COFINS Importação ZFM;Contencioso;Ação judicial para afastar a exigência do PIS/COFINS–Importação em relação às mercadorias adquiridas para consumo ou revenda dentro da Zona Franca de Manaus, bem como na aquisição de bens que componham o ativo fixo da empresa, bem como garantir a restituição do montante indevidamente pago nos últimos cinco anos.;AM;"Indústria
Comércio
Serviço
Transporte";"Lucro Real
Lucro Presumido
Simples Nacional";Não aplicável;"Para empresas da ZFM (lucro Real ou Presumido).
Em via de regra serve para comércio, pois não tem benefício de importação (sempre pagará PIS/COFINS na importação).
Serve para indústrias caso elas importem produtos fora do regime da empresa/fora do PPB ou mercadoria para revenda (sem passar por industrialização).
Essa tese só tem efeito de caixa, pois quando a empresa paga, ela também se credita, então não faz sentido para a empresa, economicamente falando.";Clique aqui;2026-01-05;"Conceder in limine litis e inaudita altera parte a
medida liminar (Art. 7º, inc. III, LMS) para afastar
imediatamente a exigência do PIS-Importação e da
COFINS-Importação (Art. 1º da Lei nº 10.865/04) na
entrada de bens e mercadorias estrangeiros, importados
pela autora, de países signatários do GATT, de modo a
permitir o regular desembaraço aduaneiro de bens
destinados ao seu uso, consumo, a industrialização, a
comercialização e/ou para incorporação em seu ativo
permanente, suspendendo a exigibilidade dessa tributação
ora questionada, na dicção do artigo 151-V do CTN, até
final resolução deste processo;"
Ativo;PIS COFINS Manutenção ICMS Crédito;Contencioso;Ação judicial visando a manutenção do valor referente ao ICMS nos créditos de PIS/COFINS a que a empresa faz jus por conta de estar enquadrada no regime da não cumulatividade, bem como a recuperação dessa parte dos créditos não escriturados desde maio de 2023.;"SP
OUTROS";"Indústria
Comércio
Serviço
Transporte";Lucro Real;Não aplicável;"Empresas do Lucro Real (regime não cumulativo) -empresas do Lucro Presumido não têm direito a crédito.
Empresas comerciais de fora de Manaus.
É necessário ter o ICMS destacado na nota, pois a lei de 2023 trouxe a mudança de que o ICMS não pode ser considerado para crédito. Nossa defesa diz que o crédito de PIS/COFINS é sobre o custo de aquisição, portanto o valor deve continuar integrado no crédito.
Empresas de Manaus que possuem a ação de PIS/COFINS créditos e que tenham ICMS destacado nas NF’s de produtos que gerem créditos (insumos), pode usar dessa tese para usufruir o máximo benefício das duas ações.";Clique aqui;2026-01-05;"Conceda in limine litis e inaudita altera parte
a medida liminar (Art. 7º, inc. III, LMS) para
autorizar que a IMPETRANTE apure os créditos
de PIS e COFINS, com a inclusão, em suas bases
de cálculo, do ICMS incidente sobre as
aquisições de bens e serviços, em respeito à
não cumulatividade dessas contribuições;"
Ativo;PIS COFINS Receitas Financeiras;Contencioso;;AM;"Indústria
Comércio
Serviço
Transporte";"Lucro Real
Lucro Presumido
Simples Nacional";Não aplicável;;Clique aqui;2026-01-05;
Ativo;PIS COFINS Serviços ALCs;Contencioso;Ação judicial visando reconhecer a não incidência das contribuições sociais PIS e COFINS sobre as receitas provenientes da prestação de serviços realizadas para e dentro das ALC’s – Áreas de Livre Comércio, por equiparação aos benefícios da ZFM, bem como garantir a restituição do montante indevidamente pago nos últimos cinco anos.;"SP
AM
OUTROS";Serviço;"Lucro Real
Lucro Presumido";Não aplicável;"Empresas de serviços na Zona Franca de Manaus ou nas ALC’s que prestam serviço para as ALC’s
Empresas de serviços (outras localidades) que prestam serviço para as ALC’s.
Resumo: o tomador do serviço precisa estar em uma das ALC’s.";Clique aqui;2026-01-05;Seja concedida a medida liminar, inaudita altera parte, suspendendo-se a exigibilidade da contribuição para o PIS e a COFINS sobre as receitas oriundas de todas as prestações de serviço da Requerente dentro da Zona Franca de Manause das Áreas de Livre Comércio, obrigando a Autoridade Coatora a abster-se de exigir, por qualquer meio, tais contribuições
Ativo;PIS COFINS Serviços ZFM;Contencioso;Ação judicial visando reconhecer a não incidência das contribuições sociais PIS e COFINS sobre as receitas provenientes da prestação de serviços realizadas para outras pessoas físicas ou jurídicas sediadas na Zona Franca de Manaus, bem como garantir a restituição do montante indevidamente pago nos últimos cinco anos.;"SP
AM
OUTROS";Serviço;"Lucro Real
Lucro Presumido
Simples Nacional";Não aplicável;"Empresas de serviços na Zona Franca de Manaus que prestam serviço para Zona Franca de Manaus.
Empresas de serviços (outras localidades) que prestam serviço para a Zona Franca de Manaus.
Resumo: o tomador do serviço precisa estar na ZFM.";Clique aqui;2026-01-05;"Conceder in limine litis e inaudita altera parte
a medida liminar (art. 7º, inc. III, LMS) para
suspender a exigibilidade dos créditos tributários
referentes ao PIS e à COFINS sobre suas receitas
decorrentes da prestação de serviços, inclusive
os valores retidos na fonte, para os tomadores,
pessoas físicas/jurídicas, estabelecidos dentro
da Zona Franca Manaus, até final resolução deste
mandamus, na dicção do artigo 151, inciso IV, do
Código Tributário Nacional;"
Ativo;PIS COFINS Subvenções ICMS;Contencioso;Ação judicial para assegurar a exclusão dos valores recebidos a título de subvenções estaduais (crédito presumido de ICMS) da receita bruta tributável pelo PIS e pela COFINS, garantindo a restituição dos valores indevidamente pagos a tais títulos nos cinco anos que antecedem o ajuizamento da ação.;"SP
AM
OUTROS";"Indústria
Comércio
Serviço
Transporte";"Lucro Real
Lucro Presumido";Não aplicável;;Clique aqui;2026-01-05;"Conceder in limine litis e inaudita altera parte
a medida liminar (art. 7º-III, LMS) para suspender a exigibilidade dos créditos tributários de PIS e
COFINS sobre qualquer valor relativo às subvenções
de ICMS (isenção, alíquota zero, crédito presumido,
redução de base de cálculo, crédito estímulo,
diferimento etc.), independentemente de suas
destinações e/ou espécies, até final resolução
deste mandamus, na dicção do Art. 151-IV, do
Código Tributário Nacional;"
Ativo;PIS COFINS Vendas ALCs;Contencioso;Ação judicial visando reconhecer a não incidência das contribuições sociais PIS e COFINS sobre as receitas provenientes das vendas para e dentro das ALC’s – Áreas de Livre Comércio, por equiparação aos benefícios da ZFM, bem como garantir a restituição do montante indevidamente pago nos últimos cinco anos.;"SP
AM
OUTROS";"Indústria
Comércio";"Lucro Real
Lucro Presumido
Simples Nacional";Não aplicável;"Comércio situado na ALC que vende para a Área de Livre Comércio.
Industria da ALC (de bem final) que vende para ALC.
Se a empresa vender produto NACIONAL para outra empresa (PJ para PJ) já existe instrução normativa que permite a não incidência das contribuições, mas é possível oferecer de forma administrativa caso ela ainda esteja pagando.
Resumo:
Produto nacional – de PJ para PJ (já existe instrução normativa, oferecer administrativo, caso esteja pagando)
Produto importado – de PJ para PJ (possível entrar com a ação)
Produto nacional/importado – de PJ para PF (possível entrar com a ação).";Clique aqui;2026-01-05;"Conceder in limine litis e inaudita altera parte a
medida liminar (art. 7º, inc. III, LMS) para suspender
a exigibilidade dos créditos tributários referentes ao
PIS e à COFINS sobre as suas receitas de vendas de
mercadorias, nacionais/nacionalizadas, independentemente
da localização da IMPETRANTE (fora ou dentro das ALCs)
para pessoas físicas e/ou jurídicas situadas nas Áreas
de Livre Comércio de Tabatinga/AM, Macapá/AP, Santana/AP,
Guajará-Mirim/RO, Boa Vista/RR, Bonfim/RR, Brasiléia/AC,
Epitaciolândia/AC e Cruzeiro do Sul/AC), até final
resolução deste mandamus, na dicção do artigo 151,
inciso IV, do Código Tributário Nacional;"
Ativo;PIS COFINS Vendas Internas ZFM;Contencioso;Ação judicial visando reconhecer a não incidência das contribuições sociais PIS e COFINS sobre as receitas provenientes das vendas internas, realizadas para outras pessoas físicas ou jurídicas (de produto importado) sediadas na Zona Franca de Manaus.;AM;"Indústria
Comércio";"Lucro Real
Lucro Presumido
Simples Nacional";Não aplicável;"Comércio de Manaus que vende para dentro.
Industria de Manaus (de bem final) que vende para dentro.
Se a empresa vender produto NACIONAL para outra empresa (PJ para PJ) já existe instrução normativa que permite a não incidência das contribuições, mas é possível oferecer de forma administrativa caso ela ainda esteja pagando.
Resumo:
Produto nacional – de PJ para PJ (já existe instrução normativa, oferecer administrativo, caso esteja pagando)
Produto importado – de PJ para PJ (possível entrar com a ação)
Produto nacional/importado – de PJ para PF (possível entrar com a ação).
 
https://www.planalto.gov.br/ccivil_03/_ato2004-2006/2004/lei/l10996.htm";Clique aqui;2026-01-05;"Conceder in limine litis e inaudita altera parte a
tutela de urgência para afastar imediatamente a
exigência do PIS e da COFINS sobre suas receitas de
vendas internas de mercadorias nacional e
nacionalizadas, para consumo e/ou industrialização,
dentro da Zona Franca de Manaus, a pessoas físicas
e/ou jurídicas ali estabelecidas, suspendendo-se a
exigibilidade dessa tributação ora questionada, na dicção do artigo 151- V do Código Tributário Nacional, até final resolução deste processo"
Ativo;REINTEGRA Ampliação;Contencioso;Ação judicial para garantir a ampliação dos créditos do REINTEGRA, assegurando o direito de apurar os créditos do REINTEGRA no ano de 2015 pela alíquota de 3% (ao invés de 1%) e no ano de 2018 pela alíquota de 2% (ao invés de 0,1%).;"SP
AM
OUTROS";"Indústria
Comércio";"Lucro Real
Lucro Presumido";Não aplicável;"Necessário ter direito ao REINTEGRA (ter processo de REINTEGRA).
Saiu julgamento parcialmente favorável aos contribuintes, a decisão foi favorável para o período nonagesimal (90 dias), não para o ano inteiro. Ainda não houve modulação dos efeitos.
O ideal era aguardar a ação do REINTEGRA transitar em julgado para pedir o direito da ampliação, devido ao tempo para reclamar o aumento da taxa (faríamos o link com a conquista do direito e não com a data de diminuição da taxa).";Clique aqui;2026-01-05;
Ativo;TCIF;Contencioso;Ação judicial para afastar a exigibilidade das novas taxas exigidas pela Suframa, bem como garantir a restituição do montante indevidamente pago nos últimos cinco anos.;AM;"Indústria
Comércio
Serviço
Transporte";"Lucro Real
Lucro Presumido";Não aplicável;"Para empresas que usufruem dos incentivos das ALC’s e da ZFM.
Essa tese não tem precedente e está sendo desfavorável as empresas.";Clique aqui;2026-01-05;"Conceder in limine litis e inaudita altera parte a
medida liminar (art. 7º, inc. III, LMS) para suspender
a exigibilidade da Taxa de Controle de Incentivos
Fiscais (TCIF) cobrada pela SUFRAMA, com base na Lei
nº 13.451/2017, até final resolução deste mandamus, na
dicção do art. 151, inciso IV, do Código Tributário
Nacional;"
Ativo;PIS COFINS Regime Autopeças ZFM;Contencioso;Ação judicial que visa a aplicação das alíquotas reduzidas de PIS/COFINS (0,65%/3%, via de regra) previstas no Regime da Zona Franca de Manaus (ZFM) na comercialização de autopeças destinadas a fabricante de veículos automotores e outras autopeças em detrimento daquelas previstas na Lei nº 10.485/02, bem como, pleitear a repetição dos valores pagos indevidamente.;AM;Indústria;Lucro Real;Não aplicável;;Clique aqui;2026-01-05;"Conceder in limine litis e inaudita altera parte a
medida liminar (Art. 7º-III, LMS) para imediatamente
permitir a aplicação das alíquotas reduzidas do PIS e
da COFINS conforme o Regime ZFM nas suas vendas para
fora da ZFM para adquirentes industriais, suspendendo
a exigibilidade dos créditos tributários relativos ao
questionado excesso dessas contribuições, na dicção do
Artigo 151-V do Código Tributário Nacional, até final
resolução deste processo;"
Ativo;Benefício SUDAM - Isenção de IRPJ;Consultivo;;;Não aplicável;Não aplicável;Não aplicável;;Clique aqui;2026-01-05;
Ativo;Consultoria Tributária Mensal;Consultivo;;;Não aplicável;Não aplicável;Não aplicável;;Clique aqui;2026-01-05;
Ativo;Consultoria Especializada em Incentivos Fiscais e Acompanhamento de Projetos na ZFM;Consultivo;;;Não aplicável;Não aplicável;Não aplicável;;Clique aqui;2026-01-05;
Ativo;Elaboração de Contrato de Compra e Venda;Consultivo;;;Não aplicável;Não aplicável;Não aplicável;;Clique aqui;2026-01-05;
Ativo;Defesa em Auto de Infração;"Consultivo
Contencioso";;;Não aplicável;Não aplicável;Não aplicável;;Clique aqui;2026-01-05;
Ativo;Elaboração PPB;Consultivo;;;Não aplicável;Não aplicável;Não aplicável;;Clique aqui;2026-01-05;
Ativo;Elaboração de RDAP;Consultivo;;;Não aplicável;Não aplicável;Não aplicável;;Clique aqui;2026-01-05;
Ativo;Estruturação Societária (holdings);Consultivo;;;Não aplicável;Não aplicável;Não aplicável;;Clique aqui;2026-01-05;
Ativo;Estruturação Societária;Consultivo;;;Não aplicável;Não aplicável;Não aplicável;;Clique aqui;2026-01-05;
Ativo;Estudo de Viabilidade ZFM;Consultivo;;;Não aplicável;Não aplicável;Não aplicável;;Clique aqui;2026-01-05;
Ativo;Estudo de Valuation;Consultivo;;;Não aplicável;Não aplicável;Não aplicável;;Clique aqui;2026-01-05;
Ativo;Habilitação dos Créditos Acumulados;Consultivo;;;Não aplicável;Não aplicável;Não aplicável;;Clique aqui;2026-01-05;
Ativo;Implantação ZFM;Consultivo;;;Não aplicável;Não aplicável;Não aplicável;;Clique aqui;2026-01-05;
Ativo;JCP;Consultivo;;;Não aplicável;Não aplicável;Não aplicável;;Clique aqui;2026-01-05;
Ativo;Parceria de Reforma tributária;Comercial;;;Não aplicável;Não aplicável;Não aplicável;;Clique aqui;2026-01-05;
Ativo;Manifestação de Inconformidade;Contencioso;;;Não aplicável;Não aplicável;Não aplicável;;Clique aqui;2026-01-05;"Conceda in limine litis e inaudita altera parte
a liminar (Art. 7º, inc. III, LMS) para suspender
a exigibilidade do crédito tributário objeto das
Cartas de Cobrança elencadas anteriormente, até
o julgamento das correspondentes manifestações
de inconformidade apresentadas;"
Ativo;Parecer Técnico;Consultivo;;;Não aplicável;Não aplicável;Não aplicável;;Clique aqui;2026-01-05;
Ativo;Planejamento tributário;Consultivo;;;Não aplicável;Não aplicável;Não aplicável;;Clique aqui;2026-01-05;
Ativo;Pedido de Ressarcimento de ICMS/ST perante à SEFAZ/AM;Consultivo;;;Não aplicável;Não aplicável;Não aplicável;;Clique aqui;2026-01-05;
Ativo;Planejamento Tributário Focado na Tributação da Renda;Consultivo;;;Não aplicável;Não aplicável;Não aplicável;;Clique aqui;2026-01-05;
Ativo;Programa de Conformidade ECD, ECF, TP e Lei do Bem;Fiscal;;;Não aplicável;Não aplicável;Não aplicável;;Clique aqui;2026-01-05;
Ativo;Projeto SEDECTI;Consultivo;;;Não aplicável;Não aplicável;Não aplicável;;Clique aqui;2026-01-05;
Ativo;Reforma Tributária;"Consultivo
Fiscal";;;Não aplicável;Não aplicável;Não aplicável;;Clique aqui;2026-01-05;
Ativo;Reestruturação Societária / Planejamento Familiar;Consultivo;;;Não aplicável;Não aplicável;Não aplicável;;Clique aqui;2026-01-05;
Ativo;Ressarcimento de Crédito Acumulado de IPI;Fiscal;;;Não aplicável;Não aplicável;Não aplicável;;Clique aqui;2026-01-05;
Ativo;Reinvestimento SUDAM;Consultivo;;;Não aplicável;Não aplicável;Não aplicável;;Clique aqui;2026-01-05;
Ativo;Revisão Fiscal Administrativa;Fiscal;;;Não aplicável;Não aplicável;Não aplicável;;Clique aqui;2026-01-05;
Ativo;Revisão de ECF e Recuperação de Créditos Tributários;Fiscal;;;Não aplicável;Não aplicável;Não aplicável;;Clique aqui;2026-01-05;
Ativo;Revisão Fiscal DAS Simples Nacional;Fiscal;;;Não aplicável;Não aplicável;Não aplicável;;Clique aqui;2026-01-05;
Ativo;Revisão Fiscal IPI;Fiscal;;;Não aplicável;Não aplicável;Não aplicável;;Clique aqui;2026-01-05;
Ativo;Revisão Fiscal IRPJ CSLL;Fiscal;;;Não aplicável;Não aplicável;Não aplicável;;Clique aqui;2026-01-05;
Ativo;Revisão Gross UP;"Fiscal
Contencioso";;;Não aplicável;Não aplicável;Não aplicável;;Clique aqui;2026-01-05;
Ativo;Revisão Fiscal PIS COFINS;Fiscal;;;Não aplicável;Não aplicável;Não aplicável;;Clique aqui;2026-01-05;
Ativo;Suspensão de débito;"Fiscal
Contencioso";;;Não aplicável;Não aplicável;Não aplicável;;Clique aqui;2026-01-05;
Ativo;Revisão Previdenciária;Fiscal;;;Não aplicável;Não aplicável;Não aplicável;;Clique aqui;2026-01-05;
Ativo;Treinamento ZFM Pós-Reforma;Consultivo;;;Não aplicável;Não aplicável;Não aplicável;;Clique aqui;2026-01-05;
Ativo;Exclusão do ISS da Base de Cálculo do PIS COFINS na Importação de Serviços;Contencioso;Ação judicial com o objetivo de reconhecer o direito da empresa à exclusão do ISS da base de cálculo do PIS e da COFINS incidentes na importação de serviços, assegurando a restituição ou compensação dos valores indevidamente recolhidos nos últimos cinco anos;;;;Não aplicável;Empresa que importa serviços;Clique aqui;2026-01-22;
Ativo;Lucro Presumido - majoração de 10%;Contencioso;Ação judicial buscando afastar a majoração de 10% da alíquota de presunção de lucro utilizada para determinação da base de cálculo do IRPJ e CSLL pelo regime do Lucro Presumido, conforme preconiza o Art. 4º, § 4º, inciso VII c/c § 5º da Lei Complementar nº 224/25. ;;;Lucro Presumido;Não aplicável;;;;"Seja assegurado aos substituídos processuais o direito de apurar e recolher
o IRPJ e a CSLL pelo regime do Lucro Presumido com base nos percentuais
de presunção previstos nas Leis nº 9.249/95 e nº 9.430/96, sem aplicação do
acréscimo de 10% sobre a parcela da receita excedente"
Ativo;PIS/COFINS sobre Locação de bens móveis e/ou imóveis na ZFM ;Contencioso;ação judicial visando reconhecer a não incidência das contribuições sociais ao PIS e à COFINS sobre as receitas decorrentes da locação de bens móveis e/ou imóveis na ZFM, bem como garantir a restituição do montante indevidamente pago nos últimos cinco anos.;AM;;"Lucro Real
Lucro Presumido";Não aplicável;Empresas da Zona Franca de Manaus que possuam receitas de locação de bens imóveis e/ou imóveis próprios, para pessoas físicas ou jurídicas, realizadas no âmbito da Zona Franca de Manaus.;;;"o DEFERIMENTO de medida liminar
inaudita altera parte com o fim de SUSPENDER A
EXIGIBILIDADE das contribuições sociais ao PIS e à COFINS incidentes sobre as
receitas auferidas pela locação de bens móveis e de bens imóveis, inclusive no caso das
retenções na fonte realizado por órgãos públicos da administração direta e/ou indireta,
DETERMINANDO-SE, ainda, que o Impetrado se abstenha de adotar quaisquer atos de cobrança
relativos ao objeto da presente ação, tais como registro no CADIN, restrições ao CNPJ, autuações
fiscais, negativas de expedição de certidões e outros atos tendentes a dificultar o desenvolvimento
regular da atividade social da Impetrante"
Ativo;Inclusão de Reservas de Subvenção na Base de Cálculo do JCP;Contencioso;"Ação judicial
visando permitir a inclusão, na base de cálculo dos Juros sobre Capital Próprio
(JCP), do valor correspondente ao Capital Social integralizado por meio da
utilização de reservas de subvenções para investimento, reconhecendo a natureza
de capital dessas reservas e possibilitando a dedução dos respectivos valores para
fins de IRPJ e CSLL.";"SP
AM
OUTROS";"Indústria
Comércio
Serviço
Transporte";Lucro Real;Não aplicável;;;;"Conceder in limine litis e inaudita altera parte a
medida liminar (art. 7º, inc. III, LMS) para suspender
imediatamente a aplicação da restrição contida no art.
75, § 1º, inciso V, da Instrução Normativa RFB nº
1.700/2017, com redação dada pela IN RFB nº 2.201/2024,
assegurando às Impetrantes o direito de incluir, na base de cálculo dos Juros sobre o Capital Próprio
(JCP), o capital social integralizado com valores
provenientes da reserva de incentivos fiscais, bem
como de afastar, desde logo, os efeitos fiscais
decorrentes dessa restrição — especialmente a
majoração indireta das bases de cálculo do IRPJ e da
CSLL —, sem sofrer qualquer autuação, glosa, multa ou
penalidade decorrente da aplicação da referida norma,
até o julgamento final da presente ação;"
Ativo;JCP Retroativo – Dedução de IRPJ e CSLL;Contencioso;"Ação judicial visando permitir a
dedução, da base de cálculo do IRPJ e da CSLL, dos valores de Juros sobre Capital
Próprio (JCP) referentes a exercícios anteriores, reconhecendo o direito da
empresa de considerar tais valores como despesas dedutíveis e pleitear a
restituição ou compensação dos tributos pagos a maior.";"SP
AM
OUTROS";"Indústria
Comércio
Serviço
Transporte";Lucro Real;Não aplicável;;;;"A concessão da medida liminar, nos termos do
art. 7º, III, da Lei nº 12.016/2009, para assegurar
às Impetrantes que possam proceder à dedução dos
valores pagos ou creditados a título de Juros sobre
Capital Próprio (JCP) na apuração do IRPJ e da CSLL,
inclusive quando apurados com base em lucros e
reservas de exercícios anteriores, nos limites
definidos pelo art. 9º da Lei nº 9.249/1995,
impedindo a prática de quaisquer atos
administrativos tendentes à glosa dos referidos
valores ou imposição de sanções fiscais decorrentes
do exercício regular de tal direito;"